{
	"pages": [ //pages数组中第一项表示应用启动页，参考：https://uniapp.dcloud.io/collocation/pages++
		{
			"path": "pages/zaizai-login/index",
			"style": {
				"navigationBarTitleText": ""
			}
		},
		{
			"path": "pages/zaizai-register/index",
			"style": {
				"navigationBarTitleText": ""
			}
		},
		{
			"path": "pages/zaizai-checking/index",
			"style": {
				"navigationBarTitleText": ""
			}
		}
	],
	"globalStyle": {
		"navigationBarTextStyle": "black",
		"navigationBarTitleText": "uni-app",
		"navigationBarBackgroundColor": "#ffffff",
		"backgroundColor": "#ffffff"
	}
}
