{
	"bsonType": "object",
	"required": [],
	"permission": {
		"read": false,
		"create": false,
		"update": false,
		"delete": false
	},
	"properties": {
		"_id": {
			"description": "ID，系统自动生成"
		},
		"name": {
			"title": "姓名",
			"bosnType": "String"
		},
		"idnum": {
			"title": "工号",
			"bosnType": "String"
		},
		"email": {
			"title": "邮箱",
			"bosnType": "String"
		},
		"tel": {
			"title": "电话",
			"bosnType": "String"
		}
	}
}
